param,value
r_v,2.5518181737215887e-06
mu0,4.678776971138529e-05
k,0.006737946999085467
r_tau,1.039424340705676e-06
psi,-0.06447782323179203
pi,0.009531506488085283
