param,value
r_v,6.0038606892437806e-06
mu0,5.613274595392217e-06
k,0.006737946999085467
r_tau,1.0000003584642255e-06
psi,0.1840461799279714
pi,0.008150498414975572
