param,value
r,0.7578302595813667
alpha,4.452287413599299
s,1328.6091890600665
beta,1369.6271394650028
